Name,Ticker,Price,Currency,AI Prediction,Confidence,Score
Sandisk,SNDK,1660.4599609375,USD,17.777136,-0.5453436320185443,25.859623867217852
Yum! Brands,YUM,139.83999633789062,USD,10.367515,-0.5866781912931851,14.652634500810137
GE Vernova,GEV,1029.2099609375,USD,6.947771,-0.002374591090759104,13.879044029486264
Iron Mountain,IRM,116.5,USD,5.9523873,-0.2885147722805246,10.187422989950706
Sherwin-Williams,SHW,321.1600036621094,USD,4.9340243,-0.1146740503426602,9.30224411304398
Qualcomm,QCOM,181.02999877929688,USD,4.991724,-0.19309724095809266,9.0195598937823
"Tapestry, Inc.",TPR,116.75,USD,4.7370706,-0.1305607191385485,8.85566578192755
Howmet Aerospace,HWM,231.60000610351562,USD,6.7291784,-0.6950945152353996,8.780941839504893
Oracle Corporation,ORCL,144.77000427246094,USD,11.6320715,-1.3105492401026142,8.019740531447185
Lennox International,LII,365.6300048828125,USD,4.422313,-0.21102265386609065,7.911418156188922
Corning Inc.,GLW,168.97000122070312,USD,4.055568,-0.16337154302024226,7.448571998826116
Lennar,LEN,77.41000366210938,USD,4.238547,-0.41765959573572986,6.706823933427511
Aptiv,APTV,44.720001220703125,USD,4.162134,-0.3891250318805881,6.704677749264816
Steel Dynamics,STLD,238.1699981689453,USD,4.863283,-0.6829286763759483,6.405290785207721
MetLife,MET,97.16000366210938,USD,4.2514577,-0.506354282472977,6.3501715736971915
Texas Instruments,TXN,297.2300109863281,USD,3.1525328,-0.08820937494979875,6.026982682664256
Xcel Energy,XEL,72.7300033569336,USD,4.1506777,-0.5749541915203591,5.914905831615209
Deckers Brands,DECK,81.66000366210938,USD,4.531243,-0.7108242976789705,5.8415681802389905
Carrier Global,CARR,56.099998474121094,USD,3.2629848,-0.21061632251529594,5.8387316562823735
Elevance Health,ELV,400.0899963378906,USD,3.1104865,-0.13675420190183707,5.795600914983466
Stryker Corporation,SYK,278.20001220703125,USD,3.1999044,-0.21168808799600147,5.722427230605347
"Tesla, Inc.",TSLA,380.67999267578125,USD,3.7386827,-0.4703127757778034,5.719015233333309
Old Dominion,ODFL,178.02000427246094,USD,4.1154876,-0.6242458238692059,5.661899218851178
Kimberly-Clark,KMB,96.7699966430664,USD,3.6075675,-0.44581746943330947,5.606818462109394
Seagate Technology,STX,805.6300048828125,USD,2.961372,-0.11984729450425502,5.56783138722798
Host Hotels & Resorts,HST,22.479999542236328,USD,3.335561,-0.3912062613502456,5.366229711311999
CVS Health,CVS,86.43000030517578,USD,3.7688763,-0.6041158536887836,5.260914696348273
Cboe Global Markets,CBOE,278.20001220703125,USD,2.6589835,-0.09519707548016121,5.06483948801901
T-Mobile US,TMUS,165.92999267578125,USD,2.8302107,-0.2164986266225586,5.047684644946931
O'Reilly Automotive,ORLY,85.13999938964844,USD,3.1163516,-0.4125042385641098,4.947194963226837
MSCI,MSCI,554.9199829101562,USD,2.6099827,-0.12053310312574528,4.905376140490335
Boeing,BA,189.82000732421875,USD,2.5737505,-0.15991882228507226,4.7359098436596385
American International Group,AIG,75.11000061035156,USD,3.86433,-0.8002926167683375,4.636065296223366
Leidos,LDOS,116.69000244140625,USD,2.5952728,-0.21925022889180412,4.621531407995135
GE HealthCare,GEHC,64.7699966430664,USD,2.384562,-0.11026832104306283,4.50618238119096
TransDigm Group,TDG,1103.3299560546875,USD,4.5883207,-1.0428887396955062,4.391533438597452
CSX Corporation,CSX,47.5,USD,2.5344214,-0.3027123976852746,4.301642095838604
Principal Financial Group,PFG,109.69999694824219,USD,2.6356947,-0.4166869926292953,4.173129768788204
Ingersoll Rand,IR,79.20999908447266,USD,2.1080575,-0.05964960054728752,4.090370210121769
Caterpillar Inc.,CAT,863.4400024414062,USD,9.668344,-1.5935193555575333,3.9299945144588624
Entergy,ETR,103.25,USD,3.2743168,-0.8169096307725385,3.873812657351007
Altria,MO,68.55000305175781,USD,1.8896708,-0.013765031999635191,3.753330317989722
Otis Worldwide,OTIS,66.44999694824219,USD,2.0293708,-0.1613261798502632,3.7313509333140584
Interactive Brokers,IBKR,90.58000183105469,USD,1.8746489,-0.0221682065600477,3.7077402526068317
Walmart,WMT,107.19999694824219,USD,2.0071738,-0.1947393313366197,3.6234718741165146
Baker Hughes,BKR,57.130001068115234,USD,2.4881544,-0.5568927630181659,3.590673637698276
Southern Company,SO,85.44000244140625,USD,1.9177065,-0.13105794570986928,3.5840823061293663
CMS Energy,CMS,65.06999969482422,USD,2.2124188,-0.4064148785045174,3.5256776736424578
Palo Alto Networks,PANW,419.9100036621094,USD,1.7441177,-0.025629628835323714,3.443534383393103
SHIN-ETSU CHEMICAL CO,4063.T,6234.0,JPY,3.3761733,-0.9805589733226467,3.441809532200555
Vulcan Materials Company,VMC,248.85000610351562,USD,1.9319959,-0.22807716072656348,3.423347605101085
PPL Corporation,PPL,33.70000076293945,USD,1.8764533,-0.2097896816823952,3.3592460245005635
Constellation Brands,STZ,115.66999816894531,USD,1.8120673,-0.21173796617382878,3.240451102178839
Kinder Morgan,KMI,32.15999984741211,USD,2.0365074,-0.4106665038936397,3.236689375169296
Bunge Global,BG,107.33000183105469,USD,1.9072986,-0.3126336834847889,3.2183113539684345
Cummins,CMI,535.3099975585938,USD,3.4188752,-1.0641807118876563,3.199449372127524
NRG Energy,NRG,103.5999984741211,USD,1.5934645,0.00751364969310353,3.1989017215074993
Hasbro,HAS,91.02999877929688,USD,1.5834968,-0.012803554161399777,3.146719230852966
Ferguson Enterprises,FERG,223.3300018310547,USD,1.7330184,-0.21048345698308424,3.101265093083528
Steris,STE,208.64999389648438,USD,1.8452669,-0.3538130615743975,3.037654331589138
Ralph Lauren Corporation,RL,368.6700134277344,USD,2.253856,-0.6700226428134364,2.9975773714545015
Hilton Worldwide,HLT,322.6099853515625,USD,1.7819536,-0.33426496670872385,2.9682624946226666
NiSource,NI,40.66999816894531,USD,1.8623923,-0.40742517317550697,2.965999104729296
eBay Inc.,EBAY,107.05999755859375,USD,1.5710672,-0.16436277757389717,2.883909456973971
WEC Energy Group,WEC,103.19000244140625,USD,1.6997476,-0.3174629820999695,2.8598881948375547
Equinix,EQIX,1047.3599853515625,USD,1.426976,-0.009440906683332528,2.840479984070113
W. W. Grainger,GWW,1275.56005859375,USD,1.528938,-0.14831768310790094,2.8311075601381006
Twilio,TWLO,280.4100036621094,USD,1.3292326,0.10165969081276416,2.793594519459634
Clorox,CLX,83.5199966430664,USD,1.88591,-0.5218000972132164,2.7877520291890336
Marsh McLennan,MRSH,171.74000549316406,USD,1.5268048,-0.19456665079264157,2.7565443123194555
Keurig Dr Pepper,KDP,31.1299991607666,USD,1.4747542,-0.18877961620764339,2.671104893999941
L3Harris,LHX,237.89999389648438,USD,1.4095973,-0.17242761368991388,2.576141060435105
Hubbell Incorporated,HUBB,480.6499938964844,USD,1.4562298,-0.2342022916999722,2.571407254098259
Verizon,VZ,45.97999954223633,USD,1.3900756,-0.15074755673193208,2.570600633765202
Zoetis,ZTS,71.33000183105469,USD,2.1774008,-0.8306092737422173,2.5462323349167475
PG&E Corporation,PCG,12.5,USD,1.2663573,-0.005079420423004022,2.5262822441854405
HCA Healthcare,HCA,432.20001220703125,USD,1.29842,-0.07796637333188361,2.49560681003535
Coherent Corp.,COHR,338.3599853515625,USD,1.8805692,-0.6820415144393903,2.4785121606417237
Domino's,DPZ,302.8699951171875,USD,1.3077799,-0.16030062179358406,2.4059218839100254
DuPont,DD,133.27999877929688,USD,1.411285,-0.3202850597689757,2.3705565712531818
Republic Services,RSG,214.74000549316406,USD,1.1795067,-0.02084478110627641,2.3344267608846687
EchoStar,ECHO,100.01000213623047,USD,1.8996592,-0.7881703580700377,2.3020632757730897
Qnity Electronics,Q,133.6300048828125,USD,1.1543648,-0.06002227280915329,2.2394420481849604
Allegion,ALLE,155.1999969482422,USD,1.0855732,0.013392085719396762,2.185684482123283
Avery Dennison,AVY,168.4499969482422,USD,1.2318424,-0.2290695366635771,2.1815072297871727
FirstEnergy,FE,44.2599983215332,USD,1.2394968,-0.2844839615450814,2.1263766865478635
Williams Companies,WMB,72.38999938964844,USD,1.0777872,-0.05967271176943911,2.091259839147225
AutoZone,AZO,2898.570068359375,USD,1.149015,-0.1805373446170513,2.090589791635237
Digital Realty,DLR,184.64999389648438,USD,0.9745876,0.0017332248218063784,1.950864418062118
Aflac,AFL,113.62999725341797,USD,1.036585,-0.24167946927358375,1.8226486404578932
Brown–Forman,BF-B,26.350000381469727,USD,0.9359067,-0.13687595937427988,1.7437102879057742
Pinnacle West Capital,PNW,98.04000091552734,USD,1.0375975,-0.32796215371820536,1.7349023511408441
Essex Property Trust,ESS,272.489990234375,USD,1.1424515,-0.5020824178467196,1.7112982256576266
United Airlines Holdings,UAL,111.87000274658203,USD,1.0278404,-0.3791112877365135,1.6660148633054042
Veeva Systems,VEEV,283.5,USD,1.0315444,-0.43121758023956525,1.6182687935691153
Public Service Enterprise Group,PEG,71.7300033569336,USD,1.2946011,-0.7848482335956426,1.5731367925556239
Tyson Foods,TSN,51.970001220703125,USD,0.8189467,-0.10771016940356537,1.54968454848498
W. R. Berkley Corporation,WRB,69.6500015258789,USD,0.7769684,-0.09296839162477855,1.481703334794717
Generac,GNRC,223.6199951171875,USD,1.1313598,-0.7552754144925578,1.408231377529417
Analog Devices,ADI,420.54998779296875,USD,1.261472,-0.8848429499578445,1.4067393794779526
Archer Daniels Midland,ADM,82.20999908447266,USD,0.7468935,-0.11657364731509379,1.406718947867507
TOKYO ELECTRON,8035.T,12500.0,JPY,4.7802844,-1.7061199077100695,1.4048304220414087
Hewlett Packard Enterprise,HPE,70.4800033569336,USD,16.245155,-1.9140617191583895,1.3960807214494977
TJX Companies,TJX,137.02999877929688,USD,0.6822808,-0.09007367616479645,1.303106019839033
CME Group,CME,270.17999267578125,USD,0.73996794,-0.2961688470542265,1.2607804321660343
Intercontinental Exchange,ICE,153.49000549316406,USD,0.6388215,-0.03653380489600866,1.254304385905952
CenterPoint Energy,CNP,38.560001373291016,USD,0.706157,-0.27212326829260003,1.2201522987793048
EQT Corporation,EQT,52.470001220703125,USD,0.6409289,-0.11437399799869863,1.2085522446869612
Church & Dwight,CHD,96.54000091552734,USD,0.5937409,-0.08882803421259378,1.1347409257331753
Snap-on,SNA,368.6099853515625,USD,2.1375897,-1.4764055809572758,1.119230033494418
Ulta Beauty,ULTA,547.2899780273438,USD,0.55933595,-0.06647079253421961,1.0814923903810758
Edison International,EIX,54.25,USD,0.587918,-0.2108863922373636,1.0518520645853848
DTE Energy,DTE,128.22000122070312,USD,0.6985633,-0.6753684876515007,0.9253389310392295
Darden Restaurants,DRI,203.13999938964844,USD,0.45080104,-0.12533199758291458,0.845102293960027
Alliant Energy,LNT,65.48999786376953,USD,0.50116706,-0.351189718286427,0.8263293996441772
West Pharmaceutical Services,WST,372.6400146484375,USD,0.42095557,-0.13938378618421354,0.783236756143926
Evergy,EVRG,80.3499984741211,USD,1.2104981,-1.382105626217427,0.7479599621023556
Cintas,CTAS,195.9600067138672,USD,0.40749294,-0.20185294547732746,0.7327322219913327
Marriott International,MAR,361.2799987792969,USD,0.4955557,-0.5648276183347716,0.711207852597349
Atmos Energy,ATO,159.74000549316406,USD,0.39430544,-0.2874873778422915,0.6752530392235184
ResMed|,RMD,220.69000244140625,USD,0.5774145,-0.8544830216045929,0.661438127794474
Salesforce,CRM,224.99000549316406,USD,2.0108452,-1.67813526547932,0.6472201514153311
Cisco,CSCO,117.94000244140625,USD,10.16971,-1.9391827030296644,0.6184942828604935
Colgate-Palmolive,CL,87.25,USD,0.35222283,-0.34512408918624926,0.5828850767002134
SOFTBANK GROUP CORP,9984.T,6310.0,JPY,0.24930245,-0.23656901231074245,0.4396276600682781
TE Connectivity,TEL,219.50999450683594,USD,0.21813227,-0.02849173825219453,0.4300495771169034
UnitedHealth Group,UNH,376.32000732421875,USD,0.22525515,-0.1461033364877038,0.4175997647627183
Mastercard,MA,566.5800170898438,USD,0.25859454,-0.40280687907850465,0.4130254247750035
Parker Hannifin,PH,984.9099731445312,USD,0.19598551,-0.21158041602367939,0.3505043259502161
Dollar Tree,DLTR,116.19000244140625,USD,0.1837806,-0.09432250819609611,0.35022654457997576
Stanley Black & Decker,SWK,89.98999786376953,USD,0.1828617,-0.14670456660016917,0.33889675476584036
Cadence Design Systems,CDNS,359.54998779296875,USD,0.16597201,-0.16640280250136485,0.3043258111178713
Southwest Airlines,LUV,42.45000076293945,USD,0.15072523,-0.4733951162466812,0.2300978731000414
AT&T,T,24.43000030517578,USD,1.163128,-2.098270155751932,-0.11430077152556124
KeyCorp,KEY,20.139999389648438,USD,1.4441379,-3.457242010890422,-2.1044584623842137
Coinbase,COIN,185.74000549316406,USD,2.4544415,-2.8937268517941948,-2.1936003170651315
Idexx Laboratories,IDXX,515.4099731445312,USD,14.345119,-2.201949122842406,-2.8969842953120066
Norwegian Cruise Line Holdings,NCLH,15.510000228881836,USD,5.5656586,-2.911116646417615,-5.07096417079882
Delta Air Lines,DAL,83.66000366210938,USD,6.9508896,-2.81428815639416,-5.6600270674252195
Casey's,CASY,620.7999877929688,USD,2.3937657,-7.134755299491095,-12.291401051902724
Arm Holdings plc,ARM,302.55999755859375,USD,29.947483,-3.9280036159904688,-57.738855634784024
Dell Technologies,DELL,574.0,USD,25.486336,-4.927671151504291,-74.61560994569322
Marvell Technology,MRVL,287.010009765625,USD,55.694324,-15.71761537221525,-763.9933218159206
